<?xml version="1.0" encoding="utf-8" ?>
<dwsync>
<file name="Search Form.php" server="C:/xampp/htdocs/" local="129223488556130646" remote="129223488550000000" />
<file name="phRets.php" server="C:/xampp/htdocs/" local="129217569842573022" remote="129217569840000000" />
<file name="style.css" server="C:/xampp/htdocs/" local="129215154315083726" remote="129215154310000000" />
<file name="Search Results.php" server="C:/xampp/htdocs/" local="129219541427540366" remote="129219541420000000" />
<file name="results.css" server="C:/xampp/htdocs/" local="129223534714610760" remote="129223534710000000" />
<file name="db.php" server="C:/xampp/htdocs/" local="129220809254895379" remote="129220809250000000" />
<file name="Advanced_Search.php" server="C:/xampp/htdocs/" local="129223469920544751" remote="129223469920000000" />
<file name="PropDetails.php" server="C:/xampp/htdocs/" local="129223339210000000" remote="129223339210000000" />
</dwsync>