<?xml version="1.0" encoding="utf-8" ?>
<dwsync>
<file name="flowing-rock.jpg" server="C:/xampp/htdocs/" local="128479522600000000" remote="128479522600000000" />
<file name="stones.jpg" server="C:/xampp/htdocs/" local="128479522900000000" remote="128479522900000000" />
<file name="grass-blades.jpg" server="C:/xampp/htdocs/" local="128479522780000000" remote="128479522780000000" />
<file name="ladybug.jpg" server="C:/xampp/htdocs/" local="128479522460000000" remote="128479522460000000" />
<file name="lightning.jpg" server="C:/xampp/htdocs/" local="128479521960000000" remote="128479521960000000" />
<file name="lotus.jpg" server="C:/xampp/htdocs/" local="128479523020000000" remote="128479523020000000" />
<file name="mojave.jpg" server="C:/xampp/htdocs/" local="128479521820000000" remote="128479521820000000" />
<file name="pier.jpg" server="C:/xampp/htdocs/" local="128479522320000000" remote="128479522320000000" />
<file name="sea-mist.jpg" server="C:/xampp/htdocs/" local="128479522160000000" remote="128479522160000000" />
</dwsync>